<?xml version="1.0"?>
<ruleset name="PSR12/Laravel">
    <description>PSR12 compliant rules and settings for Laravel</description>
    <arg name="extensions" value="php" />
    <rule ref="PSR12">
        <exclude name="PSR12.Traits.UseDeclaration.MultipleImport"/>
    </rule>
    <rule ref="Squiz.NamingConventions.ValidVariableName.NotCamelCaps"/>
    <arg name="colors" />
    <arg value="ps" />
    <exclude-pattern>/bootstrap/</exclude-pattern>
    <exclude-pattern>/node_modules/</exclude-pattern>
    <exclude-pattern>/public/</exclude-pattern>
    <exclude-pattern>/resources/</exclude-pattern>
    <exclude-pattern>/storage/</exclude-pattern>
    <exclude-pattern>/vendor/</exclude-pattern>
    <exclude-pattern>/app/Console/Kernel.php</exclude-pattern>
    <exclude-pattern>/tests/CreatesApplication.php</exclude-pattern>
    <rule ref="PSR1.Methods.CamelCapsMethodName.NotCamelCaps">
        <exclude-pattern>*/tests/*</exclude-pattern>
    </rule>
</ruleset>