﻿<?xml version="1.0" encoding="utf-8"?>
<MD_Metadata xsi:schemaLocation="http://zgate.gsi.go.jp/ch/jmp/ http://zgate.gsi.go.jp/ch/jmp/JMP20.xsd" xmlns:xsi="http://www.w3.org/2001/XMLSchema-instance" xmlns="http://zgate.gsi.go.jp/ch/jmp/" xmlns:jmp20="http://zgate.gsi.go.jp/ch/jmp/">
  <identificationInfo>
    <MD_DataIdentification>
      <citation>
        <title>5mメッシュ（標高）</title>
        <date>
          <date>2015-11-25</date>
          <dateType>001</dateType>
        </date>
      </citation>
      <abstract>このデータは、航空レーザ測量により作成した数値標高モデル（DEM)で基盤地図情報の項目の一つです。地表を0.2秒（約5m）間隔で区切った方眼（メッシュ）の中心点の標高が収録されています。なお、平成14年以降国土地理院及び関係機関で整備したDEMを統合しており、測量機関や測量時期の違い等のため一部のデータ間で不整合となっている場合があります。また、新たに航空レーザ測量によるDEMが整備された地域については、順次、追加更新していく予定です。最新の提供範囲等については、国土地理院基盤地図情報サイト（http://www.gsi.go.jp/kiban/index.html）をご確認ください。
</abstract>
      <status>001</status>
      <descriptiveKeywords>
        <MD_Keywords>
          <keyword>基盤地図情報</keyword>
          <keyword>数値標高モデル</keyword>
          <keyword>航空レーザ測量</keyword>
          <keyword>出典メタデータ（fmdid：15-3101（5A））</keyword>
          <type>005</type>
        </MD_Keywords>
      </descriptiveKeywords>
      <spatialRepresentationType>002</spatialRepresentationType>
      <language>
        <isoCode>jpn</isoCode>
      </language>
      <characterSet>004</characterSet>
      <topicCategory>006</topicCategory>
      <extent>
        <geographicElement>
          <EX_GeographicBoundingBox>
            <extentTypeCode>1</extentTypeCode>
            <extentReferenceSystem>
              <code>JGD2011 / (B,L)</code>
            </extentReferenceSystem>
            <westBoundLongitude>122.000000</westBoundLongitude>
            <eastBoundLongitude>154.000000</eastBoundLongitude>
            <southBoundLatitude>20.000000</southBoundLatitude>
            <northBoundLatitude>46.000000</northBoundLatitude>
          </EX_GeographicBoundingBox>
          <EX_GeographicDescription>
            <geographicIdentifier>
              <code>全国（北方四島は除く）</code>
            </geographicIdentifier>
          </EX_GeographicDescription>
        </geographicElement>
      </extent>
    </MD_DataIdentification>
  </identificationInfo>
  <distributionInfo>
    <MD_Distribution>
      <distributionFormat>
        <MD_Format>
          <name>JPGIS</name>
          <version>2.1</version>
        </MD_Format>
        <MD_Format>
          <name>ISO19136 GML</name>
          <version>3.2</version>
        </MD_Format>
      </distributionFormat>
    </MD_Distribution>
  </distributionInfo>
  <referenceSystemInfo>
    <MD_ReferenceSystem>
      <referenceSystemIdentifier>
        <code>JGD2011 / (B,L)</code>
      </referenceSystemIdentifier>
    </MD_ReferenceSystem>
  </referenceSystemInfo>
  <fileIdentifier>fmdid：15-3101</fileIdentifier>
  <language>
    <isoCode>jpn</isoCode>
  </language>
  <characterSet>004</characterSet>
  <hierarchyLevel>005</hierarchyLevel>
  <contact>
    <organisationName>国土交通省国土地理院</organisationName>
    <positionName>企画部 地理空間情報企画室</positionName>
    <contactInfo>
      <phone>
        <voice>029-864-1111</voice>
      </phone>
      <address>
        <deliveryPoint>北郷１番</deliveryPoint>
        <city>つくば市</city>
        <administrativeArea>茨城県</administrativeArea>
        <postalCode>305-0811</postalCode>
        <country>jpn</country>
        <electronicMailAddress>gsi-fgd@gxb.mlit.go.jp</electronicMailAddress>
      </address>
    </contactInfo>
    <role>007</role>
  </contact>
  <dateStamp>2015-11-25</dateStamp>
  <metadataStandardName>JMP</metadataStandardName>
  <metadataStandardVersion>2.0</metadataStandardVersion>
</MD_Metadata>